<?xml version="1.0" encoding="UTF-8"?><TaskRepositories OutputVersion="2"><TaskRepository kind="local" url="local" version="1" encoding="UTF-8" timezone="Asia/Calcutta" org.eclipse.mylyn.tasklist.repositories.proxy.usedefault="true" org.eclipse.mylyn.tasklist.repositories.savePassword="true" org.eclipse.mylyn.tasklist.repositories.httpauth.savePassword="true" org.eclipse.mylyn.tasklist.repositories.proxy.savePassword="true" label="Local" category="org.eclipse.mylyn.category.tasks" editorExtension="org.eclipse.mylyn.wikitext.tasks.ui.editor.textileTaskEditorExtension" avatarSupport="false"><Property value="1" key="version"/><Property value="UTF-8" key="encoding"/><Property value="Asia/Calcutta" key="timezone"/><Property value="true" key="org.eclipse.mylyn.tasklist.repositories.proxy.usedefault"/><Property value="true" key="org.eclipse.mylyn.tasklist.repositories.savePassword"/><Property value="true" key="org.eclipse.mylyn.tasklist.repositories.httpauth.savePassword"/><Property value="true" key="org.eclipse.mylyn.tasklist.repositories.proxy.savePassword"/><Property value="Local" key="label"/><Property value="org.eclipse.mylyn.category.tasks" key="category"/><Property value="org.eclipse.mylyn.wikitext.tasks.ui.editor.textileTaskEditorExtension" key="editorExtension"/><Property value="false" key="avatarSupport"/></TaskRepository></TaskRepositories>